Product Title,Product Description,Final Price,Original Price,Discount Percent,Image URL,URL,Retailer,Expire Date,Coupon,Featured,Retailer ID,Category,Category ID,Summarized Title,Summarized Description,标题,正文,Deal Link
"Rotary Cheese Grater Hand Crank, Cheese Shredder/Slicer/Chopper with Large Caliber and Strong Suction Base, 3 Blades for Potatoes/Nuts/Vegetables, Easy to Use Clean for Home","Versatile 3-Blade System: Cheese grater comes with 3 interchangeable blades - a slicing blade, a coarse shredding blade, and a fine shredding blade. This allows you to effortlessly slice, shred, or grate a variety of ingredients, including cheese, vegetables like carrots and cucumbers, nuts, and chocolate. | Powerful Suction Base: Grater with a strong suction base, our cheese grater can be firmly attached to any smooth surface such as marble or glass countertops. This ensures stable operation during use, preventing the grater from slipping or moving around, and allowing you to focus on creating delicious meals without any worries. | 430 Stainless Steel Blades: The cheese grater has blades which are made from durable 430 stainless steel. This material is not only sharp, ensuring efficient and precise cutting, but also resistant to rust and corrosion, guaranteeing a long - lasting performance. | Large Mouth Design: Featuring a large - mouth design, our cheese grater allows you to easily insert larger pieces of food. This means less pre - cutting and more convenience. Whether it's a big block of cheese or a whole carrot, you can simply put it into the grater, saving you time and effort in food preparation. | Convenient Disassembly and Cleaning: Our cheese grater is designed for easy disassembly. All parts can be quickly and easily taken apart, making cleaning a breeze. You can simply wash the components under running water. This convenient cleaning feature saves you time and ensures that your grater is always clean and ready for the next use.",19.98,49.99,60,https://m.media-amazon.com/images/I/71RHFq8iigL._AC_SX679_.jpg,https://www.amazon.com/Shredder-Chopper-Caliber-Potatoes-Vegetables/dp/B0DWJSNKTF?pf_rd_r=49P141Z61F0X290KN7CE&pf_rd_p=59e7ad87-669b-440c-bab1-ed8456e96709&th=1&linkCode=ll1&tag=couponpicked-20&linkId=2fc8e4829ea93f5308d96466ef289d32&language=en_US&ref_=as_li_ss_tl,Amazon,2025-09-18,,Y,1,Kitchen Tools & Gadgets,56,Rotary Cheese Grater with Crank,"<p>Effortlessly grate, slice, and chop with a sturdy, hands-free setup that speeds up prep and reduces mess.</p><p><br></p><p>- Strong suction base keeps the grater secure on smooth countertops for stable use</p><p>- 3 interchangeable blades let you slice, shred, or grate cheese, veggies, nuts, and more</p><p>- 430 stainless steel blades stay sharp, resist rust, and deliver precise cuts</p><p>- Large-mouth design accepts bigger pieces, saving prep time</p><p>- Easy to disassemble and wash under running water for quick cleaning</p>",全自动刨切神器来袭🍳,"最近入手了这款 Rotary Cheese Grater with Crank，真的太省心了！在厨房里再也不怕手忙脚乱，手摇+脚踏的设计让切丝切片变得轻而易举，速度直冲天花板，清理也超简单，水龙头下一冲就干净啦。
卖点提炼：
- 强力吸盘底座，平整台面稳稳附着，使用更安全
- 三种刀片互换，切丝、切片、磨碎，蔬菜、坚果、奶酪都能用
- 430不锈钢刀片，锋利耐用不生锈
- 大口径设计，容纳大块食材，省时省力
- 易拆洗，冲水即可清洁
如果你在找高效又省心的厨房小物，这个真的是种草清单的优先级很高的一款，特别是在打折季，价格友好时入手，性价比很高。强烈推荐给追求快速备菜和整洁厨房的你！
#北美购物 #北美生活 #amazon折扣 #amazon省钱 #Couponpicked #厨房神器 #家居好物",
